fund,selected_source,date,price,fallback,zwitserleven_date,candidate_count,url
ASN Duurzaam Aandelenfonds,asn,2026-09-11,214.82,true,2026-09-10,2,https://www.asnbank.nl/beleggen/koersen.html
ASN Duurzaam Obligatiefonds,asn,2026-09-11,24.66,true,2026-09-10,2,https://www.asnbank.nl/beleggen/koersen.html
ASN Milieu & Waterfonds,asn,2026-09-11,52.71,true,2026-09-10,2,https://www.asnbank.nl/beleggen/koersen.html
RZL Aandelenfonds Amerika,reaal,2026-09-11,100.22,true,2026-09-10,2,https://www.reaal.nl/beleggen/rzl-amerika-aandelenfonds/
RZL Aandelenfonds Duurzaam Wereld,zwitserleven,2026-09-10,32.15,false,2026-09-10,1,https://www.zwitserleven.nl/over-zwitserleven/verantwoord-beleggen/fondsen/
RZL Aandelenfonds Europa,reaal,2026-09-11,60.03,true,2026-09-10,2,https://www.reaal.nl/beleggen/rzl-europa-aandelenfonds/
RZL Aandelenfonds Europa 2,zwitserleven,2026-09-10,68.00,false,2026-09-10,1,https://www.zwitserleven.nl/over-zwitserleven/verantwoord-beleggen/fondsen/
RZL Aandelenfonds Opkomende Landen,zwitserleven,2026-09-10,35.36,false,2026-09-10,1,https://www.zwitserleven.nl/over-zwitserleven/verantwoord-beleggen/fondsen/
RZL Aandelenfonds Pacific,reaal,2026-09-11,52.87,true,2026-09-10,2,https://www.reaal.nl/beleggen/rzl-azie-aandelenfonds/
RZL Aandelenfonds Vastgoed,reaal,2026-09-11,45.86,true,2026-09-10,2,https://www.reaal.nl/beleggen/rzl-vastgoedfonds/
RZL Aandelenfonds Wereld,reaal,2026-09-11,66.89,true,2026-09-10,2,https://www.reaal.nl/beleggen/rzl-wereld-aandelenfonds/
RZL Aandelenfonds Wereld 2,zwitserleven,2026-09-10,84.10,false,2026-09-10,1,https://www.zwitserleven.nl/over-zwitserleven/verantwoord-beleggen/fondsen/
RZL Diversificatiefonds,zwitserleven,2026-09-10,26.05,false,2026-09-10,1,https://www.zwitserleven.nl/over-zwitserleven/verantwoord-beleggen/fondsen/
RZL Mixfonds,zwitserleven,2026-09-10,45.20,false,2026-09-10,1,https://www.zwitserleven.nl/over-zwitserleven/verantwoord-beleggen/fondsen/
RZL Mixfonds 2,zwitserleven,2026-09-10,43.01,false,2026-09-10,1,https://www.zwitserleven.nl/over-zwitserleven/verantwoord-beleggen/fondsen/
RZL Obligatiefonds,zwitserleven,2026-09-10,26.18,false,2026-09-10,1,https://www.zwitserleven.nl/over-zwitserleven/verantwoord-beleggen/fondsen/
RZL Obligatiefonds 2,zwitserleven,2026-09-10,25.28,false,2026-09-10,1,https://www.zwitserleven.nl/over-zwitserleven/verantwoord-beleggen/fondsen/
RZL Obligatiefonds Duratie 10+,zwitserleven,2026-09-10,20.79,false,2026-09-10,1,https://www.zwitserleven.nl/over-zwitserleven/verantwoord-beleggen/fondsen/
RZL Obligatiefonds Duratie Heel Lang,zwitserleven,2026-09-10,23.30,false,2026-09-10,1,https://www.zwitserleven.nl/over-zwitserleven/verantwoord-beleggen/fondsen/
RZL Obligatiefonds Duratie Lang,zwitserleven,2026-09-10,23.41,false,2026-09-10,1,https://www.zwitserleven.nl/over-zwitserleven/verantwoord-beleggen/fondsen/
RZL Obligatiefonds Duratie Medium,zwitserleven,2026-09-10,24.67,false,2026-09-10,1,https://www.zwitserleven.nl/over-zwitserleven/verantwoord-beleggen/fondsen/
RZL Obligatiefonds Groen en Sociaal,zwitserleven,2026-09-10,24.84,false,2026-09-10,1,https://www.zwitserleven.nl/over-zwitserleven/verantwoord-beleggen/fondsen/
RZL Obligatiefonds Kortlopend,zwitserleven,2026-09-10,19.97,false,2026-09-10,1,https://www.zwitserleven.nl/over-zwitserleven/verantwoord-beleggen/fondsen/
RZL Optimaalfonds,zwitserleven,2026-09-10,38.77,false,2026-09-10,1,https://www.zwitserleven.nl/over-zwitserleven/verantwoord-beleggen/fondsen/
Zwitserleven Amerika Aandelenfonds,cardano,2026-09-11,110.00,true,2026-09-10,2,https://www.cardano.nl/onze-fondsen/zwitserleven-amerika-aandelenfonds/
Zwitserleven Credits Fonds,cardano,2026-09-11,11.35,true,2026-09-10,2,https://www.cardano.nl/onze-fondsen/zwitserleven-credits-fonds/
Zwitserleven Credits Hypotheken Mixfonds,cardano,2026-09-11,11.28,true,2026-09-10,2,https://www.cardano.nl/onze-fondsen/zwitserleven-credits-hypotheken-mixfonds/
Zwitserleven Duurzaam Wereld Aandelenfonds,cardano,2026-09-11,42.92,true,2026-09-10,2,https://www.cardano.nl/onze-fondsen/zwitserleven-duurzaam-wereld-aandelenfonds/
Zwitserleven Europees Aandelenfonds,cardano,2026-09-11,39.82,true,2026-09-10,2,https://www.cardano.nl/onze-fondsen/zwitserleven-europees-aandelenfonds/
Zwitserleven Geldmarktfonds,zwitserleven,2026-09-10,25.51,false,2026-09-10,1,https://www.zwitserleven.nl/over-zwitserleven/verantwoord-beleggen/fondsen/
Zwitserleven Government Bonds 10+ Fonds,cardano,2026-09-11,7.88,true,2026-09-10,2,https://www.cardano.nl/onze-fondsen/zwitserleven-government-bonds-10-fonds/
Zwitserleven Index Aandelenfonds Europa,cardano,2026-09-11,46.02,true,2026-09-10,2,https://www.cardano.nl/onze-fondsen/zwitserleven-index-aandelenfonds-europa/
Zwitserleven Index Aandelenfonds Noord-Amerika,cardano,2026-09-11,55.43,true,2026-09-10,2,https://www.cardano.nl/onze-fondsen/zwitserleven-index-aandelenfonds-noord-amerika/
Zwitserleven Index Aandelenfonds Opkomende Landen,cardano,2026-09-11,40.96,true,2026-09-10,2,https://www.cardano.nl/onze-fondsen/zwitserleven-index-aandelenfonds-opkomende-landen/
Zwitserleven Index Aandelenfonds Pacific,cardano,2026-09-11,41.81,true,2026-09-10,2,https://www.cardano.nl/onze-fondsen/zwitserleven-index-aandelenfonds-pacific/
Zwitserleven Index Wereld Aandelenfonds,cardano,2026-09-11,98.73,true,2026-09-10,2,https://www.cardano.nl/onze-fondsen/zwitserleven-index-wereld-aandelenfonds/
Zwitserleven Kortlopend Obligatiefonds,cardano,2026-09-11,6.06,true,2026-09-10,2,https://www.cardano.nl/onze-fondsen/zwitserleven-kortlopend-obligatiefonds/
Zwitserleven Lifestyle Garantie,zwitserleven,2026-09-10,171.31,false,2026-09-10,1,https://www.zwitserleven.nl/over-zwitserleven/verantwoord-beleggen/fondsen/
Zwitserleven Long Duration Fonds,cardano,2026-09-11,24.76,true,2026-09-10,2,https://www.cardano.nl/onze-fondsen/zwitserleven-long-duration-fonds/
Zwitserleven MaatschappijGarantie (2%),zwitserleven,2026-09-10,42.06,false,2026-09-10,1,https://www.zwitserleven.nl/over-zwitserleven/verantwoord-beleggen/fondsen/
Zwitserleven MaatschappijGarantie (3%),zwitserleven,2026-09-10,47.11,false,2026-09-10,1,https://www.zwitserleven.nl/over-zwitserleven/verantwoord-beleggen/fondsen/
Zwitserleven MaatschappijGarantie plus,zwitserleven,2026-09-10,54.56,false,2026-09-10,1,https://www.zwitserleven.nl/over-zwitserleven/verantwoord-beleggen/fondsen/
Zwitserleven Medium Duration Fonds,cardano,2026-09-11,27.36,true,2026-09-10,2,https://www.cardano.nl/onze-fondsen/zwitserleven-medium-duration-fonds/
Zwitserleven Mixfonds,cardano,2026-09-11,59.79,true,2026-09-10,2,https://www.cardano.nl/onze-fondsen/zwitserleven-mixfonds/
Zwitserleven Obligatiefonds,cardano,2026-09-11,17.20,true,2026-09-10,2,https://www.cardano.nl/onze-fondsen/zwitserleven-obligatiefonds/
Zwitserleven PPI Geldmarktfonds,zwitserleven,2026-09-10,51.00,false,2026-09-10,1,https://www.zwitserleven.nl/over-zwitserleven/verantwoord-beleggen/fondsen/
Zwitserleven PPI Vanguard Emerging,zwitserleven,2026-09-10,49.33,false,2026-09-10,1,https://www.zwitserleven.nl/over-zwitserleven/verantwoord-beleggen/fondsen/
Zwitserleven PPI Vanguard Europe,zwitserleven,2026-09-10,51.77,false,2026-09-10,1,https://www.zwitserleven.nl/over-zwitserleven/verantwoord-beleggen/fondsen/
Zwitserleven PPI Vanguard Inflation Linked Bond Index,zwitserleven,2026-09-10,50.62,false,2026-09-10,1,https://www.zwitserleven.nl/over-zwitserleven/verantwoord-beleggen/fondsen/
Zwitserleven PPI Vanguard Japan,zwitserleven,2026-09-10,53.09,false,2026-09-10,1,https://www.zwitserleven.nl/over-zwitserleven/verantwoord-beleggen/fondsen/
Zwitserleven PPI Vanguard Small Cap,zwitserleven,2026-09-10,59.56,false,2026-09-10,1,https://www.zwitserleven.nl/over-zwitserleven/verantwoord-beleggen/fondsen/
Zwitserleven PPI Vanguard US 500 Hedged,zwitserleven,2026-09-10,55.96,false,2026-09-10,1,https://www.zwitserleven.nl/over-zwitserleven/verantwoord-beleggen/fondsen/
Zwitserleven PPI Vanguard US 500 Unhed,zwitserleven,2026-09-10,50.57,false,2026-09-10,1,https://www.zwitserleven.nl/over-zwitserleven/verantwoord-beleggen/fondsen/
Zwitserleven PPI iShares Government Bond index,zwitserleven,2026-09-10,49.02,false,2026-09-10,1,https://www.zwitserleven.nl/over-zwitserleven/verantwoord-beleggen/fondsen/
Zwitserleven PW Collectief Garantiefonds,zwitserleven,2026-09-10,20.00,false,2026-09-10,1,https://www.zwitserleven.nl/over-zwitserleven/verantwoord-beleggen/fondsen/
Zwitserleven PW Doorlopend Garantiefonds,zwitserleven,2026-09-10,13.15,false,2026-09-10,1,https://www.zwitserleven.nl/over-zwitserleven/verantwoord-beleggen/fondsen/
Zwitserleven PW Europees Beheer Fonds 3%,zwitserleven,2026-09-10,189.18,false,2026-09-10,1,https://www.zwitserleven.nl/over-zwitserleven/verantwoord-beleggen/fondsen/
Zwitserleven PW Europees Beheer Fonds 4%,zwitserleven,2026-09-10,191.19,false,2026-09-10,1,https://www.zwitserleven.nl/over-zwitserleven/verantwoord-beleggen/fondsen/
Zwitserleven PW Garandement,zwitserleven,2026-09-10,15.60,false,2026-09-10,1,https://www.zwitserleven.nl/over-zwitserleven/verantwoord-beleggen/fondsen/
Zwitserleven PW Garantie Plusfonds,zwitserleven,2026-09-10,18.11,false,2026-09-10,1,https://www.zwitserleven.nl/over-zwitserleven/verantwoord-beleggen/fondsen/
Zwitserleven PW Garantiefonds,zwitserleven,2026-09-10,13.41,false,2026-09-10,1,https://www.zwitserleven.nl/over-zwitserleven/verantwoord-beleggen/fondsen/
Zwitserleven PW Safetyfonds,zwitserleven,2026-09-10,111.88,false,2026-09-10,1,https://www.zwitserleven.nl/over-zwitserleven/verantwoord-beleggen/fondsen/
Zwitserleven PW Vastrentendfonds,zwitserleven,2026-09-10,19.19,false,2026-09-10,1,https://www.zwitserleven.nl/over-zwitserleven/verantwoord-beleggen/fondsen/
Zwitserleven PW Vastrentendfonds Nederland 3%,zwitserleven,2026-09-10,19.66,false,2026-09-10,1,https://www.zwitserleven.nl/over-zwitserleven/verantwoord-beleggen/fondsen/
Zwitserleven PW Vastrentendfonds Nederland 4%,zwitserleven,2026-09-10,19.66,false,2026-09-10,1,https://www.zwitserleven.nl/over-zwitserleven/verantwoord-beleggen/fondsen/
Zwitserleven PW Verzekerd Rendementfonds,zwitserleven,2026-09-10,15.10,false,2026-09-10,1,https://www.zwitserleven.nl/over-zwitserleven/verantwoord-beleggen/fondsen/
Zwitserleven PW Wereldbeheerfonds 3%,zwitserleven,2026-09-10,142.03,false,2026-09-10,1,https://www.zwitserleven.nl/over-zwitserleven/verantwoord-beleggen/fondsen/
Zwitserleven PW Wereldbeheerfonds 4%,zwitserleven,2026-09-10,143.35,false,2026-09-10,1,https://www.zwitserleven.nl/over-zwitserleven/verantwoord-beleggen/fondsen/
Zwitserleven RendementsGarantie 1%,zwitserleven,2026-09-10,23.44,false,2026-09-10,1,https://www.zwitserleven.nl/over-zwitserleven/verantwoord-beleggen/fondsen/
Zwitserleven RendementsGarantie 2%,zwitserleven,2026-09-10,26.62,false,2026-09-10,1,https://www.zwitserleven.nl/over-zwitserleven/verantwoord-beleggen/fondsen/
Zwitserleven Selectie Fonds,cardano,2026-09-11,40.65,true,2026-09-10,2,https://www.cardano.nl/onze-fondsen/zwitserleven-selectie-fonds/
Zwitserleven Ultra Long Duration Fonds,cardano,2026-09-11,21.11,true,2026-09-10,2,https://www.cardano.nl/onze-fondsen/zwitserleven-ultra-long-duration-fonds/
Zwitserleven VP Credits Hypothekenmix,zwitserleven,2026-09-10,9.93,false,2026-09-10,1,https://www.zwitserleven.nl/over-zwitserleven/verantwoord-beleggen/fondsen/
Zwitserleven VP Obligatie,zwitserleven,2026-09-10,8.62,false,2026-09-10,1,https://www.zwitserleven.nl/over-zwitserleven/verantwoord-beleggen/fondsen/
Zwitserleven VP Selectie,zwitserleven,2026-09-10,10.40,false,2026-09-10,1,https://www.zwitserleven.nl/over-zwitserleven/verantwoord-beleggen/fondsen/
Zwitserleven VP Wereld Aandelen,zwitserleven,2026-09-10,15.26,false,2026-09-10,1,https://www.zwitserleven.nl/over-zwitserleven/verantwoord-beleggen/fondsen/
Zwitserleven Vanguard Emerging,zwitserleven,2026-09-10,24.66,false,2026-09-10,1,https://www.zwitserleven.nl/over-zwitserleven/verantwoord-beleggen/fondsen/
Zwitserleven Vanguard Europe,zwitserleven,2026-09-10,25.89,false,2026-09-10,1,https://www.zwitserleven.nl/over-zwitserleven/verantwoord-beleggen/fondsen/
Zwitserleven Vanguard Inflation Linked Bond Index,zwitserleven,2026-09-10,25.29,false,2026-09-10,1,https://www.zwitserleven.nl/over-zwitserleven/verantwoord-beleggen/fondsen/
Zwitserleven Vanguard Japan,zwitserleven,2026-09-10,26.64,false,2026-09-10,1,https://www.zwitserleven.nl/over-zwitserleven/verantwoord-beleggen/fondsen/
Zwitserleven Vanguard Small Cap,zwitserleven,2026-09-10,29.77,false,2026-09-10,1,https://www.zwitserleven.nl/over-zwitserleven/verantwoord-beleggen/fondsen/
Zwitserleven Vanguard US 500 Hedged,zwitserleven,2026-09-10,27.94,false,2026-09-10,1,https://www.zwitserleven.nl/over-zwitserleven/verantwoord-beleggen/fondsen/
Zwitserleven Vanguard US 500 Unhed,zwitserleven,2026-09-10,25.28,false,2026-09-10,1,https://www.zwitserleven.nl/over-zwitserleven/verantwoord-beleggen/fondsen/
Zwitserleven Vastgoedfonds,cardano,2026-09-11,25.21,true,2026-09-10,2,https://www.cardano.nl/onze-fondsen/zwitserleven-vastgoedfonds/
Zwitserleven Wereld Aandelenfonds,cardano,2026-09-11,97.56,true,2026-09-10,2,https://www.cardano.nl/onze-fondsen/zwitserleven-wereld-aandelenfonds/
